Workbook

Sheet راهنما
B2: تحلیل سرمایه در گردش و ارزیابی نیاز به وام
B3: فقط اعداد مبنا را در شیت «داده‌های ورودی» (سلول‌های زرد) وارد کنید؛ بقیه محاسبه و تحلیل خودکار انجام می‌شود.
B6: 1 | C6: ۱. در شیت «داده‌های ورودی» همه سلول‌های زرد را با اعداد واقعی شرکت پر کنید (ارقام پولی؛ نرخ بهره به‌صورت اعشاری، مثلاً 0.23 برای ۲۳٪).
B7: 2 | C7: ۲. شیت «محاسبات و تحلیل» به‌طور خودکار محاسبه می‌کند: سرمایه در گردش خالص، نسبت جاری، نسبت آنی، DIO / DSO / DPO، چرخه تبدیل وجه نقد (CCC)، حاشیه سود، ROI عملیات، هزینه مالی وام و نسبت پوشش (DSCR ساده).
B8: 3 | C8: ۳. ستون «وضعیت» با فرمول‌های IF بازخورد فوری می‌دهد و به‌صورت خودکار رنگی می‌شود: سبز = مناسب، زرد = هشدار، قرمز = ضعف جدی.
B9: 4 | C9: ۴. بلوک «جمع‌بندی نهایی» در انتهای همان شیت با ۶ سوال کلیدی، «وضعیت نیاز به وام» را مشخص می‌کند.
B10: 5 | C10: ۵. معیارها: نسبت جاری مطلوب ۱٫۵ تا ۲ ؛ نسبت آنی بیش از ۱ ؛ CCC هرچه کوتاه‌تر بهتر (زیر ۶۰ روز خوب) ؛ ROI عملیات باید از نرخ بهره وام بیشتر باشد و جریان نقد عملیاتی باید هزینه مالی وام را بپوشاند.

Sheet داده های ورودی
B2: داده‌های ورودی — فقط سلول‌های زرد را پر کنید
B4: شرح | C4: مقدار | D4: توضیح / واحد
B5: حداقل موجودی نقدی هدف- شکاف نقدینگی | C5: ='صورت سود و زیان'!C5*10% -> 168765849661 | D5: ریال
B6: کسری عملیاتی برآوردی | C6: 150000000000 | D6: ریال
B7: بدهی فعلی- اصل +بهره سالانه | D7: ریال
B8: مبلغ وام مورد نیاز | C8: ='صورت وضعیت مالی'!C13-'داده های ورودی'!C6-'داده های ورودی'!C5 -> -225937952491
B9: قسط ماهانه وام | C9: =-(C11/12)*C8*6 -> 4.1798521e+10
B10: مبلغ وام درخواستی | C10: 1000000000000 | D10: ریال
B11: نرخ بهره سالانه وام | C11: 0.37 | D11: اعشاری — مثال: 23% = 0.23
B12: مدت بازپرداخت وام (ماه) | C12: 12 | D12: ماهانه
B13: مبلغ وام درخواستی | C13: 370000000000 | D13: ریال
B14: نرخ بهره سالانه وام | C14: 0.23 | D14: اعشاری — مثال: 23% = 0.23
B15: مدت بازپرداخت وام (ماه) | C15: 6 | D15: ماهانه
B16: فروش مد نظر بعد از اخذ وام | C16: =420000000000*4 -> 1680000000000
B17: سود ناخاص - بعد وام | C17: =78000000000*4 -> 312000000000

Sheet صورت سود و زیان
A1: شرکت یاران هم افزای کویر (سهامی خاص) صورت سود و زیان دوره منتهی به 1405/06/31
C3: 1405/06/31 | E3: 1405/01/01
B5: درآمدهاي عملياتي | C5: 1687658496610 | E5: 1508537827206
B6: بهاي تمام شده درآمدهاي عملياتي | C6: =-(1170002579132+'نقد حاصل از عملیات'!C8+'نقد حاصل از عملیات'!C9) -> -1198108031476 | E6: -1087805566145
B7: سود ناخالص | C7: =SUM(C5:C6) -> 489550465134 | E7: =SUM(E5:E6) -> 420732261061
B8: هزينه هاي فروش، اداري و عمومي | C8: -54367573468 | E8: -97347860956
B9: ساير درآمدها | C9: 0 | E9: 0
B10: سود عملياتي | C10: =SUM(C7:C9) -> 435182891666 | E10: =SUM(E7:E9) -> 323384400105
B11: هزينه هاي مالي | C11: -47936509185 | E11: -63594165874
B12: ساير درآمدها و هزينه هاي غيرعملياتي | C12: 0 | E12: 2162684
B13: سود عملیات قبل از مالیات | C13: =SUM(C10:C12) -> 387246382481 | E13: =SUM(E10:E12) -> 259792396915
B14: هزينه مالیات بر درآمد | C14: 0 | E14: -2573506002
B15: سود خالص | C15: =SUM(C13:C14) -> 387246382481 | E15: =SUM(E13:E14) -> 257218890913
B18: سود هر سهم
B19: سود پایه هر سهم
B20: تعداد سهام شرکت | C20: 60000 | E20: 60000
B21: عملیاتی (ریال) | C21: =(C10+C14)/C20 -> 7253048.2 | E21: =(E10+E14)/E20 -> 5346848.2
B22: غیر عملیاتی (ریال) | C22: =C11/C20 -> -798941.82 | E22: -1059866.7
B23: سود پایه هر سهم | C23: =C15/C20 -> 6454106.4 | E23: 4286981.5

Sheet صورت وضعیت مالی
B1: شرکت یاران هم افزای کویر (سهامی خاص) صورت وضعیت مالی به تاریخ 1405/06/31
C3: 1405/06/31 | E3: 1405/01/01
B4: دارايي ها
B5: دارائيهاي غير جاري
B6: دارایی هاي ثابت مشهود | C6: =57214437800-'نقد حاصل از عملیات'!C9 -> 50636379247 | E6: 56956437800
B7: دارایی هاي نامشهود | C7: 9298642941 | E7: 6845188395
B8: جمع دارایی هاي غير جاري | C8: =SUM(C6:C7) -> 59935022188 | E8: =SUM(E6:E7) -> 63801626195
B9: دارایی هاي جاري
B10: پيش پرداخت ها | C10: 41839471333 | E10: 41374521333
B11: موجودي مواد و كالا | C11: 349468235745 | E11: 466343869831
B12: دریافتنی هاي تجاری و ساير دريافتني ها | C12: =1461698460256+128213538231+2384840314 -> 1592296838801 | E12: 820263587739
B13: موجودی نقد | C13: 92827897170 | E13: 55836595919
B14: جمع دارایی هاي جاري | C14: =SUM(C10:C13) -> 2076432443049 | E14: =SUM(E10:E13) -> 1383818574822
B15: جمع دارایی ها | C15: =C8+C14 -> 2136367465237 | E15: =E8+E14 -> 1447620201017
B16: حقوق مالکانه و بدهی ها
B17: حقوق مالکانه
B18: سرمايه | C18: 6000000000 | E18: 6000000000
B19: اندوخته قانوني | C19: 11372624255 | E19: 11372624255
B20: سود انباشته | C20: =370691949931+'صورت سود و زیان'!C15 -> 757938332412 | E20: 373616135891
B21: جمع حقوق مالکانه | C21: =SUM(C18:C20) -> 775310956667 | E21: =SUM(E18:E20) -> 390988760146
B22: بدهی ها
B23: بدهی های غیر جاری
B24: ذخیره مزایای پایان خدمت کارکنان | C24: =43054787584+(E24/12)*6 -> 64582181377 | E24: 43054787586
B25: جمع بدهی های غیر جاری | C25: =SUM(C24) -> 64582181377 | E25: =SUM(E24) -> 43054787586
B26: بدهی های جاری
B27: پرداختنی های تجاری و سایر پرداختنی ها | C27: =386441436850+430843987903+42289337037 -> 859574761790 | E27: 787919894513
B28: تسهیلات مالی | C28: 414114129518 | E28: 206657647292
B29: مالیات پرداختنی | C29: 0 | E29: 0
B30: بدهی ناشی از قراردادها | C30: 22785435880 | E30: 18999111480
B31: جمع بدهی های جاری | C31: =SUM(C27:C30) -> 1296474327188 | E31: =SUM(E27:E30) -> 1013576653285
B32: جمع بدهی ها | C32: =C25+C31 -> 1361056508565 | E32: =E25+E31 -> 1056631440871
B33: جمع حقوق مالکانه و بدهی ها | C33: =C21+C32 -> 2136367465232 | E33: =E21+E32 -> 1447620201017
C35: =C15-C33 -> 5 | E35: =E15-E33 -> 0

Sheet نقد حاصل از عملیات
B1: نقد حاصل از عملیات
C2: 1405/06/31 | E2: 1405/01/01
B3: سود خالص | C3: ='صورت سود و زیان'!C15 -> 387246382481 | E3: ='صورت سود و زیان'!E15 -> 257218890913
B4: تعدیلات
B5: هزینه مالیات | C5: =-'صورت سود و زیان'!C14 -> 0 | E5: =-'صورت سود و زیان'!E14 -> 2573506002
B6: هزینه مالی | C6: =-'صورت سود و زیان'!C11 -> 47936509185 | E6: 63594165874
B7: سود سپرده بانکی | C7: =-'صورت سود و زیان'!C12 -> 0 | E7: =-'صورت سود و زیان'!E12 -> -2162684
B8: خالص افزایش در ذخیره مزایای پایان خدمات کارکنان | C8: ='صورت وضعیت مالی'!C24-'صورت وضعیت مالی'!E24 -> 21527393791 | E8: 23436584609
B9: استهلاک دارایی های غیر جاری | C9: =(E9/12)*6 -> 6578058553 | E9: 13156117106
C10: =SUM(C3:C9) -> 463288344010 | E10: =SUM(E3:E9) -> 359977101820
B11: کاهش (افزایش) دریافتنی های عملیاتی | C11: ='صورت وضعیت مالی'!E12-'صورت وضعیت مالی'!C12 -> -772033251062 | E11: -460374075310
B12: (افزایش) موجودی مواد و کالا | C12: ='صورت وضعیت مالی'!E11-'صورت وضعیت مالی'!C11 -> 116875634086 | E12: -261301335225
B13: کاهش (افزایش) پیش پرداخت های عملیاتی | C13: ='صورت وضعیت مالی'!E10-'صورت وضعیت مالی'!C10 -> -464950000 | E13: -15233862219
B14: افزایش (کاهش) پرداختنی های عملیاتی | C14: ='صورت وضعیت مالی'!C27-'صورت وضعیت مالی'!E27 -> 71654867277 | E14: 360037179124
B15: افزایش پیش دریافت های عملیاتی | C15: ='صورت وضعیت مالی'!C30-'صورت وضعیت مالی'!E30 -> 3786324400 | E15: 18000000000
C16: =SUM(C10:C15) -> -116893031289 | E16: =SUM(E10:E15) -> 1105008190

Sheet جریان وجوه نقد
B1: شرکت یاران هم افزای کویر (سهامی خاص) صورت جریان های نقدی دوره منتهی به 1405/06/31
D3: 1405/06/31 | F3: 1405/01/01
B4: جریان های نقدی حاصل از (مصرف شده در) فعاليتهاي عملياتي:
B5: نقد حاصل از عملیات | D5: ='نقد حاصل از عملیات'!C16 -> -116893031289 | F5: ='نقد حاصل از عملیات'!E16 -> 1105008190
B6: پرداخت های نقدی بابت مالیات بر درآمد | D6: ='صورت سود و زیان'!C14 -> 0 | F6: -2573506002
B7: جریان خالص ورود نقد حاصل از فعالیت های عملیاتی | D7: =SUM(D5:D6) -> -116893031289 | F7: =SUM(F5:F6) -> -1468497812
B8: جریان های نقدی مصرف شده در فعالیت های سرمایه گذاری :
B9: دریافت های های نقدی برای فروش دارایی های ثابت مشهود | F9: 0
B10: پرداخت های نقدی برای خرید دارایی های ثابت مشهود | D10: -258000000 | F10: -14628906000
B11: پرداخت های نقدی برای خرید دارایی های نامشهود | D11: ='صورت وضعیت مالی'!E7-'صورت وضعیت مالی'!C7 -> -2453454546 | F11: -4532484847
B12: پرداخت های نقدی برای خرید سایر دارایی ها | D12: 0 | F12: 0
B13: دریافت های ناشی از سود سایر سرمایه گذاری ها | D13: 0 | F13: 2162684
B14: جریان خالص خروج نقد حاصل از فعالیت های سرمایه گذاری | D14: =SUM(D9:D13) -> -2711454546 | F14: =SUM(F9:F13) -> -19159228163
B15: جریان خالص ورود نقد قبل از فعالیت های تامین مالی | D15: =D7+D14 -> -119604485835 | F15: =F7+F14 -> -20627725975
B16: جریان های نقدی حاصل از (مصرف شده در) فعاليتهاي تامین مالی :
B17: دریافت های ناشی از تسهیلات | D17: 678411739136 | F17: 943241900163
B18: پرداختهای نقدی بابت اصل تسهیلات | D18: -491587246122 | F18: -901419963726
B19: پرداختهای نقدی بابت سود تسهیلات | D19: -20724617232 | F19: -67872241421
B20: جریان خالص ورود نقد حاصل از (مصرف شده در) فعالیت های تامین مالی | D20: =SUM(D17:D19) -> 166099875782 | F20: =SUM(F17:F19) -> -26050304984
B21: خالص افزایش در موجودی نقد | D21: =D15+D20 -> 46495389947 | F21: =F15+F20 -> -46678030959
B22: مانده موجودی نقد در ابتدای سال | D22: =F23 -> 55836595919 | F22: 102514626878
B23: مانده موجودی نقد در پایان سال | D23: =SUM(D21:D22) -> 102331985866 | F23: =SUM(F21:F22) -> 55836595919
D26: =D23-'صورت وضعیت مالی'!C13 -> 9504088696

Sheet تست
D1: 1405 | F1: 1404 | H1: اختلاف | J1: افزایش | L1: کاهش | N1: خالص اختلاف | P1: عملیاتی | R1: سرمایه گذاری | T1: تامین مالی
B2: ='[1]وضعيت مالي'!B9 -> دارایی هاي ثابت مشهود | D2: ='صورت وضعیت مالی'!C6 -> 50636379247 | F2: ='صورت وضعیت مالی'!E6 -> 56956437800 | H2: =F2-D2 -> 6320058553 | L2: =J18 -> 6578058553 | N2: =H2+J2-L2 -> -258000000 | R2: =N2 -> -258000000
B3: ='[1]وضعيت مالي'!B10 -> دارایی هاي نامشهود | D3: ='صورت وضعیت مالی'!C7 -> 9298642941 | F3: ='صورت وضعیت مالی'!E7 -> 6845188395 | H3: =F3-D3 -> -2453454546 | L3: 0 | N3: =H3+J3-L3 -> -2453454546 | R3: =N3 -> -2453454546
B4: ='[1]وضعيت مالي'!B13 -> پيش پرداخت ها | D4: ='صورت وضعیت مالی'!C10 -> 41839471333 | F4: ='صورت وضعیت مالی'!E10 -> 41374521333 | H4: =F4-D4 -> -464950000 | N4: =H4+J4-L4 -> -464950000 | P4: =N4 -> -464950000
B5: ='[1]وضعيت مالي'!B14 -> موجودي مواد و كالا | D5: ='صورت وضعیت مالی'!C11 -> 349468235745 | F5: ='صورت وضعیت مالی'!E11 -> 466343869831 | H5: =F5-D5 -> 116875634086 | N5: =H5+J5-L5 -> 116875634086 | P5: =N5 -> 116875634086
B6: ='[1]وضعيت مالي'!B15 -> دریافتنی هاي تجاری و ساير دريافتني ها | D6: ='صورت وضعیت مالی'!C12 -> 1592296838801 | F6: ='صورت وضعیت مالی'!E12 -> 820263587739 | H6: =F6-D6 -> -772033251062 | N6: =H6+J6-L6 -> -772033251062 | P6: =N6 -> -772033251062
B7: ='[1]وضعيت مالي'!B21 -> سرمايه | D7: ='صورت وضعیت مالی'!C18 -> 6000000000 | F7: ='صورت وضعیت مالی'!E18 -> 6000000000 | H7: =D7-F7 -> 0 | N7: =H7+J7-L7 -> 0 | P7: =N7 -> 0
B8: ='[1]وضعيت مالي'!B22 -> اندوخته قانوني | D8: ='صورت وضعیت مالی'!C19 -> 11372624255 | F8: ='صورت وضعیت مالی'!E19 -> 11372624255 | H8: =D8-F8 -> 0 | L8: =H8 -> 0 | N8: =H8+J8-L8 -> 0 | P8: =N8 -> 0
B9: ='[1]وضعيت مالي'!B23 -> سود انباشته | D9: ='صورت وضعیت مالی'!C20 -> 757938332412 | F9: ='صورت وضعیت مالی'!E20 -> 373616135891 | H9: =D9-F9 -> 384322196521 | J9: =L17 -> 0 | L9: =J16 -> 0 | N9: =H9+J9-L9 -> 384322196521 | P9: =N9 -> 384322196521
B10: ='[1]وضعيت مالي'!B27 -> ذخیره مزایای پایان خدمت کارکنان | D10: ='صورت وضعیت مالی'!C24 -> 64582181377 | F10: ='صورت وضعیت مالی'!E24 -> 43054787586 | H10: =D10-F10 -> 21527393791 | N10: =H10+J10-L10 -> 21527393791 | P10: =N10 -> 21527393791
B11: ='[1]وضعيت مالي'!B30 -> پرداختنی های تجاری و سایر پرداختنی ها | D11: ='صورت وضعیت مالی'!C27 -> 859574761790 | F11: ='صورت وضعیت مالی'!E27 -> 787919894513 | H11: =D11-F11 -> 71654867277 | N11: =H11+J11-L11 -> 71654867277 | P11: =N11 -> 71654867277
B12: ='[1]وضعيت مالي'!B31 -> تسهیلات مالی | D12: ='صورت وضعیت مالی'!C28 -> 414114129518 | F12: ='صورت وضعیت مالی'!E28 -> 206657647292 | H12: =D12-F12 -> 207456482226 | L12: =J20 -> 47936509185 | N12: =H12+J12-L12 -> 159519973041 | T12: =N12 -> 159519973041
B13: ='[1]وضعيت مالي'!B32 -> مالیات پرداختنی | D13: ='صورت وضعیت مالی'!C29 -> 0 | F13: ='صورت وضعیت مالی'!E29 -> 0 | H13: =D13-F13 -> 0 | J13: 0 | L13: =J19 -> 0 | N13: =H13+J13-L13 -> 0 | P13: =N13 -> 0
B14: ='[1]وضعيت مالي'!B33 -> بدهی ناشی از قراردادها | D14: ='صورت وضعیت مالی'!C30 -> 22785435880 | F14: ='صورت وضعیت مالی'!E30 -> 18999111480 | H14: =D14-F14 -> 3786324400 | J14: 0 | N14: =H14+J14-L14 -> 3786324400 | P14: =N14 -> 3786324400
A15: تعدیلات | N15: =H15+J15-L15 -> 0
B16: سود خالص | N16: =H16+J16-L16 -> 0 | P16: =N16 -> 0
B17: سود سهام مصوب | N17: =H17+J17-L17 -> 0 | P17: =N17 -> 0
B18: هزینه استهلاک | J18: ='نقد حاصل از عملیات'!C9 -> 6578058553 | N18: =H18+J18-L18 -> 6578058553 | P18: =J18 -> 6578058553
B19: هزینه مالیات | J19: 0 | N19: =H19+J19-L19 -> 0 | P19: =N19 -> 0
B20: هزینه مالی | J20: =-'صورت سود و زیان'!C11 -> 47936509185 | N20: =H20+J20-L20 -> 47936509185 | P20: =N20 -> 47936509185
B21: سود سپرده بانکی | J21: 0 | N21: =H21+J21-L21 -> 0
B22: سود سپرده بانکی | L22: =J21 -> 0 | N22: =H22+J22-L22 -> 0
B23: هزینه غیر عملیاتی | N23: =H23+J23-L23 -> 0
B24: هزینه غیر عملیاتی | N24: =H24+J24-L24 -> 0
B25: تعدیلات | N25: =H25+J25-L25 -> 0
H26: =SUM(H2:H14) -> 36991301246 | J26: =SUM(J2:J25) -> 54514567738 | L26: =SUM(L2:L25) -> 54514567738 | N26: =SUM(N2:N25) -> 36991301246 | P26: =SUM(P2:P25) -> -119817217249 | R26: =SUM(R2:R25) -> -2711454546 | T26: =SUM(T2:T25) -> 159519973041
N27: =N26-H26 -> 0 | R27: =SUM(P26:T26) -> 36991301246
R28: =H26-R27 -> 0

Sheet محاسبات و تحلیل
B2: محاسبات خودکار و تحلیل شاخص‌ها
B4: NWC-سرمایه در گردش خالص | C4: ='صورت وضعیت مالی'!C14-'صورت وضعیت مالی'!C31 -> 779958115861 | D4: دارایی جاری − بدهی جاری | E4: =IF(C4>0,"OK — سرمایه در گردش مثبت است","بد — سرمایه در گردش منفی؛ نیاز فوری به تامین مالی") -> OK — سرمایه در گردش مثبت است
B5: نسبت جاری (Current Ratio) | C5: ='صورت وضعیت مالی'!C14/'صورت وضعیت مالی'!C31 -> 1.6015994 | D5: دارایی جاری ÷ بدهی جاری — مطلوب ۱٫۵ تا ۲ | E5: =IF(C5>=1.5,"OK — نقدینگی مناسب",IF(C5>=1,"هشدار — نقدینگی کم؛ لبه بحران","بد — بدهی جاری از دارایی جاری بیشتر است")) -> OK — نقدینگی مناسب
B6: نسبت آنی (Quick Ratio) | C6: =('صورت وضعیت مالی'!C14-'صورت وضعیت مالی'!C11)/'صورت وضعیت مالی'!C31 -> 1.3320466 | D6: (دارایی جاری − موجودی) ÷ بدهی جاری — مطلوب بیش از ۱ | E6: =IF(C6>=1,"OK — توان پرداخت فوری کافی است",IF(C6>=0.7,"هشدار — نقدینگی فوری محدود","بد — بدون فروش موجودی، بدهی پوشش داده نمی‌شود")) -> OK — توان پرداخت فوری کافی است
B7: DIO — دوره گردش موجودی (روز) | C7: =-('صورت وضعیت مالی'!C11/'صورت سود و زیان'!C6)*365 -> 106.46444 | D7: موجودی ÷ COGS × ۳۶۵ | E7: =IF(C7<=90,"OK — گردش موجودی سریع",IF(C7<=120,"هشدار — موجودی نسبتاً راکد","بد — موجودی سنگین؛ نقد را بلوکه می‌کند")) -> هشدار — موجودی نسبتاً راکد
B8: DSO — دوره وصول مطالبات (روز) | C8: =('صورت وضعیت مالی'!C12/ 'صورت سود و زیان'!C5)*365 -> 344.37556 | D8: مطالبات ÷ فروش × ۳۶۵ | E8: =IF(C8<=45,"OK — وصول مطالبات خوب",IF(C8<=60,"هشدار — وصول نسبتاً کند","بد — مطالبات بالا؛ نقدینگی را مصرف می‌کند")) -> بد — مطالبات بالا؛ نقدینگی را مصرف می‌کند
B9: DPO — دوره پرداخت بدهی (روز) | C9: =-('صورت وضعیت مالی'!C31/'صورت سود و زیان'!C6)*365 -> 394.967 | D9: بدهی جاری ÷ COGS × ۳۶۵ | E9: =IF(C9>=60,"OK — استفاده خوب از اعتبار تامین‌کنندگان",IF(C9>=30,"هشدار — دوره پرداخت متوسط","بد — پرداخت زودهنگام؛ فشار نقدینگی")) -> OK — استفاده خوب از اعتبار تامین‌کنندگان
B10: دوره بازگشت سرمایه | C10: =('داده های ورودی'!C10+C15)/'داده های ورودی'!C17 -> 3.7980769
B11: چرخه تبدیل وجه نقد CCC (روز)- شکاف سرمایه در گردش | C11: =C7+C8-C9 -> 55.873013 | D11: DIO + DSO − DPO | E11: =IF(C11<=60,"OK — چرخه نقد کوتاه",IF(C11<=90,"هشدار — چرخه نقد متوسط","بد — چرخه نقد طولانی؛ نیاز جدی به سرمایه در گردش")) -> OK — چرخه نقد کوتاه
B12: حاشیه سود ناخاص | C12: ='صورت سود و زیان'!C7/'صورت سود و زیان'!C5 -> 0.29007673 | D12: سود ناخاص ÷ فروش | E12: =IF(C12>=0.1,"OK — حاشیه سود خوب",IF(C12>0,"هشدار — حاشیه سود پایین","بد — عملیات زیان‌ده است")) -> OK — حاشیه سود خوب
B13: حاشیه سود عملیاتی | C13: ='صورت سود و زیان'!C10/'صورت سود و زیان'!C5 -> 0.25786194 | D13: سود عملیاتی ÷ فروش | E13: =IF(C13>=0.1,"OK — حاشیه سود خوب",IF(C13>0,"هشدار — حاشیه سود پایین","بد — عملیات زیان‌ده است")) -> OK — حاشیه سود خوب
B14: ROI عملیات (بازده دارایی جاری) | C14: ='صورت سود و زیان'!C10/'صورت وضعیت مالی'!C14 -> 0.20958201 | D14: سود عملیاتی ÷ دارایی جاری — باید از نرخ بهره بیشتر باشد | E14: =IF(C14>'داده های ورودی'!C11,"OK — بازده عملیات بیش از هزینه وام است","بد — بازده عملیات کمتر از نرخ بهره؛ وام سودآوری را کاهش می‌دهد") -> بد — بازده عملیات کمتر از نرخ بهره؛ وام سودآوری را کاهش می‌دهد
B15: هزینه مالی سالانه وام | C15: =(('داده های ورودی'!C10*'داده های ورودی'!C11)/12)*'داده های ورودی'!C15 -> 185000000000 | D15: مبلغ وام × نرخ بهره | E15: =IF(C15<'داده های ورودی'!#REF!,"OK — جریان نقد عملیاتی هزینه وام را پوشش می‌دهد","بد — هزینه وام بیش از جریان نقد عملیاتی است") -> #REF!
B16: نسبت پوشش هزینه مالی (DSCR ساده) | C16: ='جریان وجوه نقد'!D5/'محاسبات و تحلیل'!C15 -> -0.63185422 | D16: جریان نقد عملیاتی ÷ هزینه مالی سالانه وام | E16: =IF(C16>=1.5,"OK — پوشش قوی",IF(C16>=1.2,"هشدار — پوشش حداقلی","بد — جریان نقد کافی برای سرویس وام نیست")) -> بد — جریان نقد کافی برای سرویس وام نیست
B18: جمع‌بندی نهایی — وضعیت نیاز به وام
B19: ملاک / سوال کلیدی | D19: نتیجه
B20: آیا سرمایه در گردش منفی است؟ | D20: =IF(C4<0,"بله","خیر") -> خیر
B21: آیا نسبت جاری زیر ۱ است؟ | D21: =IF(C5<1,"بله","خیر") -> خیر
B22: آیا نسبت آنی زیر ۰٫۷ است؟ | D22: =IF(C6<0.7,"بله","خیر") -> خیر
B23: آیا CCC بیش از ۹۰ روز است؟ | D23: =IF(C11>90,"بله","خیر") -> خیر
B24: آیا بازده عملیات کمتر یا مساوی نرخ بهره وام است؟ | D24: =IF(C14<='داده های ورودی'!C11,"بله","خیر") -> بله
B25: آیا نسبت پوشش هزینه مالی زیر ۱٫۲ است؟ | D25: =IF(C16<1.2,"بله","خیر") -> بله
B26: وضعیت نهایی نیاز به وام | D26: =IF(OR(C4<0,C5<1),"نیاز فوری به وام — ساختار نقدینگی شکننده است",IF(AND(C5<1.5,C11>90),"نیاز به وام توصیه می‌شود — فشار نقدینگی و چرخه نقد طولانی",IF(C11>60,"نیاز مشروط — وام کوتاه‌مدت با نظارت بر گردش موجودی و وصول مطالبات","نیاز به وام کم است — نقدینگی نسبتاً سالم؛ وام فقط برای رشد"))) -> نیاز به وام کم است — نقدینگی نسبتاً سالم؛ وام فقط برای رشد
